{
    "params": [
        -3.8726702870124794,
        10.0,
        -3.8832429152909516,
        1.0449465054984854,
        -3.468663948980287,
        -3.770944925587295,
        8.9418802708053,
        10.0,
        0.6006332570928488,
        8.985769846263839,
        10.0,
        -3.8832429152909516,
        -3.8832416157372562,
        -3.8832429152909516,
        5.61440126736249,
        10.0,
        9.999188146011495,
        6.721484242837666,
        9.998961171671262,
        9.99967923036109,
        0.057227595545692095,
        -3.6973065989084977,
        9.895151488417444,
        -3.883242900378726,
        10.0,
        -0.5730975020708411,
        9.12814940739604,
        -3.8832429152909516,
        -3.8832429152909516,
        -0.4326625242878397,
        -3.8832429152909516,
        10.0,
        9.408321762140735,
        -3.8832429152909516,
        -3.8832429152909516,
        9.729104018238685,
        9.999984920449103,
        10.0,
        9.980447124119529,
        9.99886475052309,
        -3.849479571212469,
        10.0,
        -3.8832429152909516,
        -3.8832429152909516,
        3.672218253398007,
        -3.8832429152909516,
        -3.8831591915565604,
        10.0,
        9.803039152518027,
        -3.313488394925923,
        -3.8832429152909516,
        -3.8832429152909516,
        10.0,
        6.0861299438702074,
        -3.8832429152909516,
        9.99999836702046,
        -3.8832429152909516
    ],
    "nb_neurons": [
        2,
        6,
        6,
        1
    ],
    "nb_layers": 4,
    "activations": [
        "atan",
        "atan",
        "atan"
    ]
}