{
    "params": [
        2.0284589789513183,
        1.75713047152698,
        9.997632647401028,
        1.215703308910104,
        6.730956511243674,
        2.192876192304105,
        6.813031860553378,
        10.0,
        2.8125890201138652,
        -0.11659227082240214,
        8.401168077420298,
        10.0,
        -3.878031164783036,
        7.889952484314083,
        -0.2289026773674264,
        9.590566769143184,
        7.964880427764699,
        -3.874923941894085,
        9.369015854769158,
        8.646551311461318,
        6.686411808518984,
        -0.16216540234798318,
        1.3652397625321548,
        7.522648236660617,
        6.355886562302497,
        0.0660983798618997,
        -3.8832429152909516,
        3.0276962533411798,
        9.318140465797503,
        -2.0628589929503716,
        -3.8828910025231584,
        8.608602495467329,
        7.032639295047391,
        1.7035451131564405,
        -3.747114232301091,
        10.0,
        9.217985134106742,
        6.5724669937053894,
        -3.8832429152909516,
        9.993611108102066,
        3.9071805471547454,
        2.212555669247442,
        -3.728228487867829,
        2.04174499663466,
        6.112940473298362,
        -3.882299263116861,
        -2.1073545630560258,
        -3.8821919116819887,
        -1.415304214397933,
        -1.212643047637851,
        1.554005874973205,
        -2.1649450546534585,
        0.6125213836472297,
        -1.7155663525131877,
        3.2473191369598053,
        7.46004063056701,
        1.0935001550875334
    ],
    "nb_neurons": [
        2,
        6,
        6,
        1
    ],
    "nb_layers": 4,
    "activations": [
        "atan",
        "atan",
        "atan"
    ]
}