{
    "params": [
        -1,
        -0.3555893269970507,
        -0.9955612117985657,
        -1,
        0.7125751975913409,
        -0.266820117778233,
        -1,
        1,
        -0.9108874459240526,
        0.9609737293926871,
        0.8383176583169014,
        -0.14023266729428863,
        -0.8869667653159476,
        0.8060297091059996,
        0.9047610527742014,
        0.9870973978463657,
        -0.15119227280590486,
        -0.9986215984302595,
        0.9512624102913892,
        0.15974846595898362,
        0.5267934957589437,
        -0.9995872845360811,
        1,
        -1,
        -0.9319211478430275,
        0.9161011469684616,
        0.5224077816268411,
        -0.9336503380132326,
        0.7682251569805211,
        1,
        0.7994486575608548
    ],
    "nb_neurons": [
        2,
        4,
        4,
        1
    ],
    "nb_layers": 4,
    "activations": [
        "heaviside",
        "sin",
        "sin"
    ]
}