{
    "params": [
        0.8086542408487805,
        1,
        -0.5205345064123438,
        0.9661371765208471,
        -0.7682899524278537,
        0.4690303910581455,
        1,
        0.11802478144978198,
        -0.8236669701427912,
        -0.11743909139700298,
        -1,
        -0.1532493777921881,
        0.40869845843878433,
        0.8194951040488108,
        -0.812841384907838,
        -0.19622295137659584,
        0.9783360354521032,
        0.640275238522287,
        -0.26936729381377633,
        0.280619865017244,
        -0.2095989409267347,
        0.13795881497444026,
        -0.0018463147145008213,
        -0.4052954022016844,
        -0.6011506921491979,
        -0.5343096074821316,
        0.05849314438171477,
        1,
        -0.44874074020775817,
        0.9770455402244919,
        0.808080663039742
    ],
    "nb_neurons": [
        2,
        4,
        4,
        1
    ],
    "nb_layers": 4,
    "activations": [
        "heaviside",
        "sin",
        "sin"
    ]
}