{
    "params": [
        -3.871390437566318,
        -1.4244744711238049,
        10.0,
        -2.5177315613999833,
        7.910870282478583,
        -3.8832429152909516,
        1.4034825194120142,
        9.966847521366045,
        -3.357546960516813,
        -1.7264852937564494,
        -3.8832429152909516,
        -3.8740975664301,
        9.859955580719777,
        7.70644356176983,
        -1.83606477929126,
        -3.883242912039071,
        -1.4300754161946665,
        7.690955857423249,
        9.153323361575227,
        -3.806311802350037,
        9.90899412798478,
        -3.883227241648467,
        -3.628821933626126,
        -3.883241045590871,
        -2.644119168140622,
        -0.10108695805853529,
        -1.339622570455911,
        2.2996659040176164,
        -3.4431289599474697,
        9.440820668863083,
        -2.7315642252740213,
        10.0,
        -1.6745997301041293,
        10.0,
        8.98076799808371,
        9.99965564939938,
        6.981799765651067,
        2.396961995779523,
        4.206592318494888,
        -2.1360642495231765,
        -3.597612725192272,
        -0.615698651325274,
        9.621351980458194,
        -3.7676545848023464,
        6.3248185577635,
        8.451824209113578,
        2.736032912318443,
        -0.8759182098433371,
        9.655335918092677,
        -3.8832429152909516,
        4.073881865921084
    ],
    "nb_neurons": [
        1,
        6,
        6,
        1
    ],
    "nb_layers": 4,
    "activations": [
        "softsign",
        "softsign",
        "softsign"
    ]
}