{
    "params": [
        10.0,
        4.653822453090157,
        4.221912539004839,
        -3.8832429152909516,
        5.589575450627523,
        9.99148307409356,
        5.535407123231274,
        1.515119684044507,
        -3.8832429152909516,
        -3.8830507346854346,
        7.309063080229757,
        9.460138445907404,
        5.754796771019908,
        9.999275464525404,
        -3.6171308911275566,
        10.0,
        -3.8832429152909516,
        -3.8832429152909516,
        10.0,
        -3.8832429152909516,
        -3.4848670429792254,
        4.545334730203919,
        -2.6116684841851114,
        8.729871450260557,
        10.0,
        10.0,
        9.990470102981936,
        9.999999999999824,
        -3.62674093792973,
        9.983123126145951,
        9.994431416225991,
        -2.7749895945505223,
        -3.3005315655909064,
        -3.8832429152909516,
        -3.8832429152909516,
        9.999999999937081,
        9.685209619026638,
        2.1033407328141696,
        -3.8832429152909516,
        -3.8832429152909516,
        0.967001738103577,
        -3.5077034407458902,
        8.390436900474832,
        -3.6101981366523077,
        -1.5125232595039708,
        7.771935087791734,
        2.8400396722765944,
        9.990852457458994,
        9.813793278676567,
        1.4020060800681176,
        -3.8832429152909516
    ],
    "nb_neurons": [
        1,
        6,
        6,
        1
    ],
    "nb_layers": 4,
    "activations": [
        "softsign",
        "softsign",
        "softsign"
    ]
}