{
    "params": [
        3.324241464658916,
        9.860227394196391,
        0.5991858292225201,
        1.6251694149896387,
        1.2931956531889515,
        2.749676521053239,
        8.81700895568496,
        9.99999997678552,
        9.356360867587435,
        9.63794136558227,
        5.965440718714881,
        -1.741484588515413,
        -3.8832221086095364,
        9.999998768491364,
        -3.6637216599642306,
        -3.881350018620086,
        -0.20556502283933176,
        2.1785461790234195,
        4.370195646260232,
        -3.129957237986669,
        1.7715596834737692,
        -3.8784576100346584,
        8.984720241980888,
        -2.7335928832360867,
        -2.135059971682308,
        9.845705293305464,
        9.921344006892697,
        3.9425776592513007,
        -1.6799908974741373,
        10.0,
        3.316315919923277,
        9.996783298345973,
        9.965242378788401,
        -2.2374276715782804,
        -2.6406843310975625,
        10.0,
        -2.551135175557174,
        9.76068767672927,
        9.998488496145285,
        8.434471454071643,
        9.351870012836656,
        9.966148698013837,
        9.980959866169565,
        -3.3677389396261135,
        6.547725436589766,
        4.260603824210136,
        10.0,
        9.768942501024826,
        9.883654062841122,
        -3.7954822537242,
        2.006642020601363
    ],
    "nb_neurons": [
        1,
        6,
        6,
        1
    ],
    "nb_layers": 4,
    "activations": [
        "softsign",
        "softsign",
        "softsign"
    ]
}