{
    "params": [
        3.4784063300857717,
        -3.836470487880928,
        4.286781213044151,
        9.89625112204722,
        -3.8832429152909516,
        9.99999492338901,
        -3.8832238599541475,
        10.0,
        9.981054530349764,
        9.989577092617907,
        -3.8832429152909516,
        -3.8832429152909516,
        9.999789047227305,
        9.950428423570028,
        -3.4034087932053065,
        9.99993386520813,
        -3.8832429152909516,
        8.672228621727363,
        9.9999934631298,
        10.0,
        10.0,
        10.0,
        9.825210037682464,
        -3.8832429152909516,
        -3.8832429152909516,
        -3.876938501416132,
        -3.8832429152909516,
        10.0,
        -2.330400803300618,
        -3.815028395201401,
        -3.8832429152909516,
        -3.8832429152437267,
        9.99997132957102,
        -3.870278545862595,
        -3.88300435713112,
        9.999995496852506,
        -3.769084869494476,
        9.999999999699185,
        -3.883239475633302,
        9.086833219562315,
        -1.1231319089306564,
        -3.8681263614540735,
        9.999999903832668,
        7.587843140731937,
        -3.8832429152909516,
        9.999999649274441,
        5.129445792047108,
        -3.8832429152909516,
        -2.9469176341220433,
        -3.341829812306861,
        4.015495775798748
    ],
    "nb_neurons": [
        1,
        6,
        6,
        1
    ],
    "nb_layers": 4,
    "activations": [
        "softsign",
        "softsign",
        "softsign"
    ]
}