{
    "params": [
        0.9967752585496801,
        1.0,
        -0.5058477076613772,
        1.0,
        0.9502201685435541,
        0.6556303814542267,
        -1,
        -1.0,
        -1.0,
        -1.0,
        1.0,
        0.9908838994344459,
        0.9992747319943486,
        -0.16679610041904247,
        -0.9064721364762962,
        -0.45451989234204415,
        1,
        -0.18246973323799043
    ],
    "nb_neurons": [
        1,
        3,
        3,
        1
    ],
    "nb_layers": 4,
    "activations": [
        "sin",
        "relu",
        "tanh"
    ]
}