{"params": [1.0, -0.3586043110267711, 0.9299879890408224, -0.71560313499277, 0.17197903360910557, 0.759831009639075, 0.4392295959783007, -0.3537374633222997, 0.45271096801330346, -1.0, -1.0, -0.8051192178477304, -1.0, 1.0, -0.9742322552743294, 0.24865534736991607, 1.0, 1.0], "nb_neurons": [1, 3, 3, 1], "nb_layers": 4, "activations": ["sin", "relu", "tanh"]}