{
    "params": [
        1.0,
        0.984705069124886,
        1.0,
        -1.0,
        -1.0,
        -1.0,
        1.0,
        1.0,
        -1.0,
        1.0,
        1.0,
        0.025879717748946818,
        1.0,
        -0.7543332239621964,
        -1.0,
        -1.0,
        1.0,
        1.0,
        -1.0,
        -1.0,
        1.0,
        -1.0,
        1.0,
        -1.0,
        -1.0,
        -1.0,
        -1.0,
        -1.0,
        -1.0,
        0.5110067856920404,
        1.0,
        -0.9859449341680664,
        1.0,
        1.0,
        0.5705715447699085,
        -0.3504249362943457,
        -1.0,
        0.3420655460449235
    ],
    "nb_neurons": [
        1,
        3,
        3,
        3,
        3,
        1
    ],
    "nb_layers": 6,
    "activations": [
        "relu",
        "tanh",
        "softsign",
        "atan",
        "tanh"
    ]
}