{
    "params": [
        -1.0,
        -1.0,
        0.22227855390361068,
        1.0,
        -1.0,
        1.0,
        -1.0,
        1.0,
        1.0,
        -1.0,
        1.0,
        1.0,
        1.0,
        1.0,
        1.0,
        -1.0,
        -1.0,
        -1.0,
        1.0,
        -1.0,
        1.0,
        -1.0,
        1.0,
        1.0,
        1.0,
        -1.0,
        1.0,
        -1.0,
        1.0,
        -1.0,
        -1.0,
        -1.0,
        -0.9999998911317195,
        1.0,
        -1.0,
        1.0,
        1.0,
        1.0
    ],
    "nb_neurons": [
        1,
        3,
        3,
        3,
        3,
        1
    ],
    "nb_layers": 6,
    "activations": [
        "relu",
        "tanh",
        "relu",
        "atan",
        "tanh"
    ]
}