{
    "params": [
        -1.0,
        1.0,
        0.5166294949910156,
        -0.8928191893008909,
        1.0,
        -1.0,
        -1.0,
        -1.0,
        -1.0,
        -1.0,
        -1.0,
        1.0,
        -0.45520683112712235,
        0.8691091447568918,
        -1.0,
        1,
        -1.0,
        -0.6944080079380054,
        1.0,
        1.0,
        1.0,
        1.0,
        -1.0,
        -1.0,
        1.0,
        -1.0,
        0.721137534849382,
        1.0,
        0.7625566289118895,
        1.0,
        -1.0,
        -1.0,
        -1.0,
        -1.0,
        1.0,
        -1.0,
        1.0,
        1.0,
        1.0,
        1.0,
        -0.4011949359815459,
        -0.4861199830987062,
        -1.0,
        1.0,
        1.0,
        -0.9892628740908571,
        -1.0,
        -1.0,
        -1.0,
        -1.0,
        0.9237944691112704,
        -1.0,
        -1.0,
        0.9155517031406444,
        1.0,
        1.0,
        -1.0,
        1.0,
        -1.0,
        1.0,
        1.0,
        -1.0,
        0.7883427881810888,
        1.0,
        0.9998767468114355,
        -1.0,
        -0.9945116979920373,
        1.0,
        -1.0,
        0.8170379420027338,
        1.0,
        -1.0,
        0.8734896610475623,
        0.7178179051920808,
        -0.5716351586273739,
        0.6364824828032063,
        -1.0,
        1.0,
        -0.5402730782630466,
        -0.9640229600334455,
        -1.0,
        -1.0,
        0.6989761335811843,
        1.0,
        1.0,
        0.11081255168429893,
        -1.0,
        1.0,
        0.2609176905201181,
        -1.0,
        0.1816206747013781,
        -1.0,
        -1.0,
        -1.0,
        -0.7234918927405385,
        1.0,
        -1.0,
        -0.9291604262517537,
        -0.828202432855068,
        1.0,
        -1.0,
        -1.0,
        -1.0,
        1.0,
        -1.0,
        -1.0,
        1.0,
        1.0,
        -0.17873512335056524,
        -1.0,
        0.7785851840493552,
        -1.0,
        0.22512947010652,
        -0.07906121375660445,
        -0.2590269579372865,
        -0.24780177193142433
    ],
    "nb_neurons": [
        1,
        7,
        7,
        7,
        1
    ],
    "nb_layers": 5,
    "activations": [
        "relu",
        "tanh",
        "tanh",
        "tanh"
    ]
}