{
    "params": [
        -1.0,
        1.0,
        0.7907953571720888,
        1.0,
        1.0,
        -1.0,
        -0.4446833751798312,
        -1.0,
        -1.0,
        -1.0,
        0.5629958314365315,
        -0.45929005395506284,
        -0.9956117919225558,
        1.0,
        0.7164234930009111,
        -1.0,
        1,
        0.9464401111371408,
        -0.5679666120235212,
        1.0,
        1.0,
        1.0,
        0.7555623496392347,
        1.0,
        -1.0,
        1.0,
        -1.0,
        1.0,
        0.8671107071362232,
        -1.0,
        1.0,
        0.9008165708696739,
        1.0,
        0.9547349557524847,
        0.03473760558408072,
        1.0,
        0.765619937776365,
        -1.0
    ],
    "nb_neurons": [
        1,
        3,
        3,
        3,
        3,
        1
    ],
    "nb_layers": 6,
    "activations": [
        "relu",
        "tanh",
        "sin",
        "atan",
        "tanh"
    ]
}