{
    "params": [
        -1.0,
        1,
        -1.0,
        0.4435274995957574,
        1.0,
        1.0,
        -1.0,
        -1.0,
        0.5104921444275661,
        -0.9998963161887566,
        1.0,
        -1.0,
        -1.0,
        1.0,
        1.0,
        1.0,
        1.0,
        1.0,
        1.0,
        -1.0,
        -1.0,
        -0.7499615577113061,
        -1.0,
        -1.0,
        1.0,
        -1.0,
        -0.984179134172614,
        -1.0,
        -1.0,
        0.1787908483103483,
        -0.9273179979741543,
        -1.0,
        -1.0,
        1.0,
        -0.334385887558057,
        -0.2482800788846028,
        -1.0,
        -1.0
    ],
    "nb_neurons": [
        1,
        3,
        3,
        3,
        3,
        1
    ],
    "nb_layers": 6,
    "activations": [
        "relu",
        "tanh",
        "atan",
        "atan",
        "atan"
    ]
}