{
    "params": [
        1.0,
        -1.0,
        -1.0,
        -1.0,
        -1.0,
        -0.7844226788157731,
        -1.0,
        0.30298746366436285,
        -1.0,
        -1.0,
        -1.0,
        -1.0,
        -1.0,
        0.9931608146671265,
        -0.49331270190240123,
        -1.0,
        1.0,
        -0.20064081766194672,
        1.0,
        -0.8761038907658724,
        -1.0,
        0.45150408276892845,
        1.0,
        1.0,
        1.0,
        0.4565962296031234,
        -0.8500915822568387,
        1.0,
        -0.9947669551847486,
        -1.0,
        -1.0,
        0.8555510530912083,
        0.9670054127036523,
        0.040793544145587834,
        -1.0,
        1.0,
        -1.0,
        1.0,
        -0.9964567502371854,
        1.0,
        1.0,
        1.0,
        -1.0,
        -1.0,
        1.0,
        -1.0,
        1.0,
        -1.0,
        1.0,
        -1.0,
        -1.0,
        -0.8750620295044442,
        1.0,
        0.8947475263835992,
        1.0,
        1.0,
        -0.9252311326497037,
        0.7826607910981127,
        -1.0,
        -1.0,
        -1.0,
        -1.0,
        -0.4340080220117312,
        -0.7802408462842483,
        0.364724966426239,
        -1.0,
        -1.0,
        0.7864981196464721,
        -0.5079509900962154,
        1.0,
        -0.9595003875103388,
        1.0,
        1.0,
        -1.0,
        1.0,
        1.0,
        1.0,
        1.0,
        -0.29870384546041345,
        0.920057022955828,
        1.0,
        1.0,
        -0.5059538060099181,
        -0.9156144220612419,
        1.0,
        -1.0,
        0.7765756373741358,
        -1.0,
        -0.47879701351345805,
        -1.0,
        1.0,
        0.17515470733242944,
        1.0,
        -0.3270095898556902,
        -1.0,
        1.0,
        1.0,
        -1.0,
        0.5000505300455594,
        0.8197644580938914,
        1,
        1.0,
        -0.0026397107400321085,
        1.0,
        0.07747202353401328,
        1,
        -1.0,
        -1.0,
        0.9195104960888835,
        -1.0,
        0.5125279326329435,
        -0.7329880464545918,
        1.0,
        -0.6161965676899712,
        0.4930776589159992,
        -0.0336443269254856
    ],
    "nb_neurons": [
        1,
        7,
        7,
        7,
        1
    ],
    "nb_layers": 5,
    "activations": [
        "relu",
        "tanh",
        "tanh",
        "tanh"
    ]
}