{
  "n_neighbor": 2,
  "nb_h_layers": 2,
  "nb_neurons_layer": 4,
  "min_bound":  -2.9102903755868095,
  "max_bound": 2.591572970671814,
  "cognitive_trust": 0.0,
  "social_trust": 2.3532717463448973,
  "inertia_start": -0.3544782599068599,
  "inertia_end": 0.6724085215422462,
  "velocity_max": 26.655908518788593,
  "activations": ["softsign", "softsign", "atan"],
  "max_iter": 300,
  "n_particle": 20
}
