{
    "params": [
        -2.2150979665975723,
        0.0034721917452625196,
        -7.176582343826539,
        0.8091722820805165,
        -7.176582343826539,
        -1.7693452933356753,
        -0.14582376001804187,
        -0.36544785282896486
    ],
    "nb_neurons": [
        1,
        3,
        1
    ],
    "nb_layers": 3,
    "activations": [
        "atan",
        "atan"
    ]
}