{
    "params": [
        -2.679431831727991,
        -2.9102903755868095,
        -2.9102903755868095,
        1.118328528028375,
        2.322169129158399,
        2.2595628844166518,
        2.591572970671814,
        0.9926973873088899,
        -1.9842875109882303,
        0.18658363112024953,
        1.4706012901451124,
        -0.2760099613892122,
        0.9311937831511327,
        0.9630412369327892,
        2.591572970671814,
        -0.19173084496809037,
        -0.8487147603686563,
        2.157410007738205,
        0.9582683890723375,
        2.591572970671814,
        -0.949292381877773,
        -2.9102903755868095,
        -1.2343341488563355,
        -1.68885808224677,
        -0.271848171241485,
        0.5062924062067663,
        0.8041268246542354
    ],
    "nb_neurons": [
        1,
        4,
        4,
        1
    ],
    "nb_layers": 4,
    "activations": [
        "softsign",
        "softsign",
        "atan"
    ]
}