{
    "params": [
        1e-05,
        -2.589142067627546,
        -0.4573828835599443,
        1e-05,
        1e-05,
        -3.0590721145398767,
        -10.0,
        1e-05,
        1e-05,
        1e-05
    ],
    "nb_neurons": [
        1,
        4,
        1
    ],
    "nb_layers": 3,
    "activations": [
        "tanh",
        "tanh",
        "tanh",
        "tanh",
        "tanh"
    ]
}