{
    "params": [
        -1.0,
        1.0,
        0.9965914612407077,
        -1.0,
        -1.0,
        -1.0,
        -1.0,
        0.9993658268205776,
        -1.0,
        0.9981055950999017,
        1.0,
        1.0,
        -0.6640777782123077,
        -0.14443239129272742
    ],
    "nb_neurons": [
        2,
        4,
        1
    ],
    "nb_layers": 3,
    "activations": [
        "sigmoid",
        "sigmoid"
    ]
}