{
    "params": [
        -10.0,
        -10.0,
        -10.0,
        10.0,
        -10.0,
        -10.0,
        -10.0,
        -10.0,
        -10.0,
        -10.0,
        -10.0,
        -10.0,
        2.2214260672893933,
        2.4998864776541865
    ],
    "nb_neurons": [
        2,
        4,
        1
    ],
    "nb_layers": 3,
    "activations": [
        "sigmoid",
        "sigmoid"
    ]
}