{
    "params": [
        10.0,
        -10.0,
        -10.0,
        10.0,
        -10.0,
        -10.0,
        10.0,
        -10.0,
        -10.0,
        -10.0,
        -10.0,
        -10.0,
        2.6147799004164045,
        6.251424093926393
    ],
    "nb_neurons": [
        2,
        4,
        1
    ],
    "nb_layers": 3,
    "activations": [
        "sigmoid",
        "sigmoid"
    ]
}