{
    "params": [
        -9.354118245806001,
        -10.0,
        10.0,
        -9.808027525610703,
        -10.0,
        -9.31258728219695,
        8.56641319614414,
        -10.0,
        9.453988078219362,
        1.1614021134320398,
        10.0,
        6.034390514138667,
        10.0,
        -6.489067266531924
    ],
    "nb_neurons": [
        2,
        4,
        1
    ],
    "nb_layers": 3,
    "activations": [
        "sigmoid",
        "sigmoid"
    ]
}